Workbook

Sheet Transactions
A1: Record Type | B1: Group No. | C1: Payor/Group Name | D1: Block | E1: Policy | F1: Owner Name | G1: Mode | H1: Mode Desc. | I1: Payment Date | J1: PTD | K1: Issue Date | L1: Duration | M1: Premium | N1: Rate | O1: Commission | P1: Advance Repay | Q1: Charges/Transfers | R1: Transfer From | S1: Transfer Desc. | T1: Issue State | U1: Plan Code | V1: Plan Description | W1: Writing Agent | X1: Agent Name | Y1: Split | Z1: Writing Agent | AA1: Agent Name | AB1: Split | AC1: Writing Agent | AD1: Agent Name | AE1: Split | AF1: Writing Agent | AG1: Agent Name | AH1: Split
A2: Agent Comm. | B2: 1212153 | C2: DANIEL RUSIN | D2: 72 | E2: 1212153 | F2: RUSIN, DANIEL | G2: 012 | H2: Calendar | I2: 45950 | J2: 45981 | K2: 45767 | L2: 1 | M2: 261.43 | N2: 0.35 | O2: 91.5 | P2: 0 | Q2: 0 | T2: PA | U2: AK7010EPPA | V2: AFFORDABLE CHOICE ENHANCED ELITE PLUS | W2: 01VK1700000 | X2: KOPEK, MICHAEL J | Y2: 1 | AB2: 0 | AE2: 0 | AH2: 0
A3: Agent Comm. | B3: 1224137 | C3: CHRISTOPHER PORTER | D3: 72 | E3: 1224137 | F3: PORTER, CHRISTOPHER | G3: 012 | H3: Calendar | I3: 45953 | J3: 45984 | K3: 45800 | L3: 1 | M3: 18.33 | N3: 0.7 | O3: 12.83 | P3: 0 | Q3: 0 | T3: FL | U3: MHPACC24FL | V3: MIAC 24 HR ACCIDENT EXPENSE FL | W3: 01VK1880000 | X3: SCOTT, SHERI-ANN M | Y3: 1 | AB3: 0 | AE3: 0 | AH3: 0
A4: Agent Comm. | B4: 1229523 | C4: STACY ROULHAC | D4: 72 | E4: 1229523 | F4: ROULHAC, STACY | G4: 012 | H4: Calendar | I4: 45950 | J4: 45980 | K4: 45827 | L4: 1 | M4: 18.33 | N4: 0.7 | O4: 12.83 | P4: 0 | Q4: 0 | T4: FL | U4: MHPACC24FL | V4: MIAC 24 HR ACCIDENT EXPENSE FL | W4: 01VK1880000 | X4: SCOTT, SHERI-ANN M | Y4: 1 | AB4: 0 | AE4: 0 | AH4: 0
A5: Agent Comm. | B5: 1246366 | C5: GENEVA AGUILAR | D5: 72 | E5: 1246366 | F5: AGUILAR, GENEVA | G5: 012 | H5: Calendar | I5: 45951 | J5: 45971 | K5: 45910 | L5: 1 | M5: -18.33 | N5: 0.7 | O5: -12.83 | P5: 0 | Q5: 0 | T5: TX | U5: AK7024TX | V5: PAID ENHANCED - 24 HR ACC POLICY 1 UNIT | W5: 01VK1880000 | X5: SCOTT, SHERI-ANN M | Y5: 1 | AB5: 0 | AE5: 0 | AH5: 0
A6: Agent Comm. | B6: 1253910 | C6: RAYMOND BLOOMER | D6: 72 | E6: 1253910 | F6: BLOOMER, RAYMOND | G6: 012 | H6: Calendar | I6: 45946 | J6: 45977 | K6: 45946 | L6: 1 | M6: 56.15 | N6: 0.575 | O6: 0 | P6: 32.29 | Q6: 0 | T6: TX | U6: DVH3K25 | V6: DVH REFRESH, GENERIC PLAN, $3,000 PY MAX | W6: 01VK5580000 | X6: CRESCITELLI, DANIEL S | Y6: 1 | AB6: 0 | AE6: 0 | AH6: 0
A7: Agent Comm. | B7: 1253910 | C7: RAYMOND BLOOMER | D7: 72 | E7: 1253910 | F7: BLOOMER, RAYMOND | G7: 012 | H7: Calendar | I7: 45950 | J7: 45977 | K7: 45946 | L7: 1 | M7: -56.15 | N7: 0.575 | O7: 0 | P7: -32.29 | Q7: 0 | T7: TX | U7: DVH3K25 | V7: DVH REFRESH, GENERIC PLAN, $3,000 PY MAX | W7: 01VK5580000 | X7: CRESCITELLI, DANIEL S | Y7: 1 | AB7: 0 | AE7: 0 | AH7: 0
A8: Agent Comm. | B8: 1254794 | C8: JOSHUA HENRY | D8: 72 | E8: 1254794 | F8: HENRY, JOSHUA | G8: 012 | H8: Calendar | I8: 45950 | J8: 45977 | K8: 45946 | L8: 1 | M8: 65.19 | N8: 0.575 | O8: 37.48 | P8: 0 | Q8: 0 | T8: TX | U8: DVH5K25 | V8: DVH REFRESH, GENERIC PLAN, $5,000 PY MAX | W8: 01VK5540000 | X8: CETOUTE, GLORIA | Y8: 1 | AB8: 0 | AE8: 0 | AH8: 0
A9: Agent Comm. | B9: 1254794 | C9: JOSHUA HENRY | D9: 72 | E9: 1254794 | F9: HENRY, JOSHUA | G9: 012 | H9: Calendar | I9: 45959 | J9: 45977 | K9: 45946 | L9: 1 | M9: -65.19 | N9: 0.575 | O9: -37.48 | P9: 0 | Q9: 0 | T9: TX | U9: DVH5K25 | V9: DVH REFRESH, GENERIC PLAN, $5,000 PY MAX | W9: 01VK5540000 | X9: CETOUTE, GLORIA | Y9: 1 | AB9: 0 | AE9: 0 | AH9: 0
A10: Agent Comm. | B10: 1229522 | C10: STACY ROULHAC | D10: 215 | E10: 1229522 | F10: ROULHAC, STACY | G10: 012 | H10: Calendar | I10: 45950 | J10: 45985 | K10: 45832 | L10: 1 | M10: 12.13 | N10: 0.5 | O10: 6.07 | P10: 0 | Q10: 0 | T10: FL | U10: HIB23 | V10: HOSPITAL INDEMNITY SELECT | W10: 01VK1880000 | X10: SCOTT, SHERI-ANN M | Y10: 1 | AB10: 0 | AE10: 0 | AH10: 0
A11: Agent Comm. | B11: 1230892 | C11: FERNANDO LOEZA | D11: 215 | E11: 1230892 | F11: LOEZA, FERNANDO | G11: 012 | H11: Calendar | I11: 45954 | J11: 45987 | K11: 45834 | L11: 1 | M11: 21.68 | N11: 0.5 | O11: 10.84 | P11: 0 | Q11: 0 | T11: TX | U11: HIB23 | V11: HOSPITAL INDEMNITY SELECT | W11: 01VK1880000 | X11: SCOTT, SHERI-ANN M | Y11: 1 | AB11: 0 | AE11: 0 | AH11: 0
A12: Agent Comm. | B12: 1207538 | C12: SHANDA CHERNAK | D12: 216 | E12: 1207538 | F12: CHERNAK, SHANDA | G12: 012 | H12: Calendar | I12: 45952 | J12: 45971 | K12: 45726 | L12: 1 | M12: 143.99 | N12: 0.575 | O12: 82.79 | P12: 0 | Q12: 0 | T12: GA | U12: SEL50D100GA | V12: DVH SELECT $5,000 POL MAX WITH $100 DEDUCT | W12: 01VK1700000 | X12: KOPEK, MICHAEL J | Y12: 1 | AB12: 0 | AE12: 0 | AH12: 0
A13: Agent Comm. | B13: 1209860 | C13: AARON HACK | D13: 216 | E13: 1209860 | F13: HACK, AARON | G13: 012 | H13: Calendar | I13: 45950 | J13: 45979 | K13: 45734 | L13: 1 | M13: 44.35 | N13: 0.575 | O13: 25.5 | P13: 0 | Q13: 0 | T13: NC | U13: SEL50NC | V13: DVH SELECT $5,000 POL MAX WITH $0 DEDUCT | W13: 01VK1700000 | X13: KOPEK, MICHAEL J | Y13: 1 | AB13: 0 | AE13: 0 | AH13: 0
... A75: Agent Comm. | B75: 1256642 | C75: LEE MILLER | D75: 216 | E75: 1256642 | F75: MILLER, LEE | G75: 012 | H75: Calendar | I75: 45959 | J75: 45986 | K75: 45955 | L75: 1 | M75: 44.85 | N75: 0.575 | O75: 0 | P75: 25.79 | Q75: 0 | T75: TX | U75: SEL5K25TX | V75: DVH SELECT $5,000 POL MAX WITH $0 DEDUCT | W75: 01VK5160000 | X75: DITSCH, RYAN B | Y75: 1 | AB75: 0 | AE75: 0 | AH75: 0

Sheet Policy And Transactions Templat
A1: PolicyNo | B1: PHFirst | C1: PHLast | D1: Status | E1: Issuer | F1: State | G1: ProductType | H1: PlanName | I1: SubmittedDate | J1: EffectiveDate | K1: TermDate | L1: PaySched | M1: PayCode | N1: WritingAgentID | O1: Premium | P1: CommPrem | Q1: TranDate | R1: CommReceived | S1: PTD | T1: NoPayMon | U1: MemberCount | V1: Note
A2: =Transactions!B2 -> 1212153 | C2: =Transactions!F2 -> RUSIN, DANIEL | D2: Active | E2: Manhattan Life | F2: =Transactions!T2 -> PA | G2: =VLOOKUP(Transactions!V2, lookups!A:B, 2, 0) -> Fixed Indemnity | H2: =VLOOKUP(Transactions!V2, lookups!A:C, 3, 0) -> Affordable Choice | I2: =Transactions!K2 -> 45767 | J2: =Transactions!K2 -> 45767 | L2: Monthly | M2: Default | N2: =Transactions!W2 -> 01VK1700000 | O2: =Transactions!M2 -> 261.43 | P2: =Transactions!M2 -> 261.43 | Q2: =Transactions!I2 -> 45950 | R2: =IF(Transactions!O2<>0, Transactions!O2, Transactions!P2) -> 91.5 | S2: =Transactions!J2 -> 45981 | T2: 1 | V2: =Transactions!V2 -> AFFORDABLE CHOICE ENHANCED ELITE PLUS
A3: =Transactions!B3 -> 1224137 | C3: =Transactions!F3 -> PORTER, CHRISTOPHER | D3: Active | E3: Manhattan Life | F3: =Transactions!T3 -> FL | G3: =VLOOKUP(Transactions!V3, lookups!A:B, 2, 0) -> Accident | H3: =VLOOKUP(Transactions!V3, lookups!A:C, 3, 0) -> PAID Personal Accident & DI Rider, and Accident Express | I3: =Transactions!K3 -> 45800 | J3: =Transactions!K3 -> 45800 | L3: Monthly | M3: Default | N3: =Transactions!W3 -> 01VK1880000 | O3: =Transactions!M3 -> 18.33 | P3: =Transactions!M3 -> 18.33 | Q3: =Transactions!I3 -> 45953 | R3: =IF(Transactions!O3<>0, Transactions!O3, Transactions!P3) -> 12.83 | S3: =Transactions!J3 -> 45984 | T3: 1 | V3: =Transactions!V3 -> MIAC 24 HR ACCIDENT EXPENSE FL
A4: =Transactions!B4 -> 1229523 | C4: =Transactions!F4 -> ROULHAC, STACY | D4: Active | E4: Manhattan Life | F4: =Transactions!T4 -> FL | G4: =VLOOKUP(Transactions!V4, lookups!A:B, 2, 0) -> Accident | H4: =VLOOKUP(Transactions!V4, lookups!A:C, 3, 0) -> PAID Personal Accident & DI Rider, and Accident Express | I4: =Transactions!K4 -> 45827 | J4: =Transactions!K4 -> 45827 | L4: Monthly | M4: Default | N4: =Transactions!W4 -> 01VK1880000 | O4: =Transactions!M4 -> 18.33 | P4: =Transactions!M4 -> 18.33 | Q4: =Transactions!I4 -> 45950 | R4: =IF(Transactions!O4<>0, Transactions!O4, Transactions!P4) -> 12.83 | S4: =Transactions!J4 -> 45980 | T4: 1 | V4: =Transactions!V4 -> MIAC 24 HR ACCIDENT EXPENSE FL
A5: =Transactions!B5 -> 1246366 | C5: =Transactions!F5 -> AGUILAR, GENEVA | D5: Active | E5: Manhattan Life | F5: =Transactions!T5 -> TX | G5: =VLOOKUP(Transactions!V5, lookups!A:B, 2, 0) -> Accident | H5: =VLOOKUP(Transactions!V5, lookups!A:C, 3, 0) -> PAID Personal Accident & DI Rider, and Accident Express | I5: =Transactions!K5 -> 45910 | J5: =Transactions!K5 -> 45910 | L5: Monthly | M5: Default | N5: =Transactions!W5 -> 01VK1880000 | O5: =Transactions!M5 -> -18.33 | P5: =Transactions!M5 -> -18.33 | Q5: =Transactions!I5 -> 45951 | R5: =IF(Transactions!O5<>0, Transactions!O5, Transactions!P5) -> -12.83 | S5: =Transactions!J5 -> 45971 | T5: 1 | V5: =Transactions!V5 -> PAID ENHANCED - 24 HR ACC POLICY 1 UNIT
A6: =Transactions!B6 -> 1253910 | C6: =Transactions!F6 -> BLOOMER, RAYMOND | D6: Active | E6: Manhattan Life | F6: =Transactions!T6 -> TX | G6: =VLOOKUP(Transactions!V6, lookups!A:B, 2, 0) -> Dental with Vision | H6: =VLOOKUP(Transactions!V6, lookups!A:C, 3, 0) -> Dental, Vision, Hearing & Dental, Vision, Hearing Select | I6: =Transactions!K6 -> 45946 | J6: =Transactions!K6 -> 45946 | L6: Monthly | M6: Default | N6: =Transactions!W6 -> 01VK5580000 | O6: =Transactions!M6 -> 56.15 | P6: =Transactions!M6 -> 56.15 | Q6: =Transactions!I6 -> 45946 | R6: =IF(Transactions!O6<>0, Transactions!O6, Transactions!P6) -> 32.29 | S6: =Transactions!J6 -> 45977 | T6: 1 | V6: =Transactions!V6 -> DVH REFRESH, GENERIC PLAN, $3,000 PY MAX
A7: =Transactions!B7 -> 1253910 | C7: =Transactions!F7 -> BLOOMER, RAYMOND | D7: Active | E7: Manhattan Life | F7: =Transactions!T7 -> TX | G7: =VLOOKUP(Transactions!V7, lookups!A:B, 2, 0) -> Dental with Vision | H7: =VLOOKUP(Transactions!V7, lookups!A:C, 3, 0) -> Dental, Vision, Hearing & Dental, Vision, Hearing Select | I7: =Transactions!K7 -> 45946 | J7: =Transactions!K7 -> 45946 | L7: Monthly | M7: Default | N7: =Transactions!W7 -> 01VK5580000 | O7: =Transactions!M7 -> -56.15 | P7: =Transactions!M7 -> -56.15 | Q7: =Transactions!I7 -> 45950 | R7: =IF(Transactions!O7<>0, Transactions!O7, Transactions!P7) -> -32.29 | S7: =Transactions!J7 -> 45977 | T7: 1 | V7: =Transactions!V7 -> DVH REFRESH, GENERIC PLAN, $3,000 PY MAX
A8: =Transactions!B8 -> 1254794 | C8: =Transactions!F8 -> HENRY, JOSHUA | D8: Active | E8: Manhattan Life | F8: =Transactions!T8 -> TX | G8: =VLOOKUP(Transactions!V8, lookups!A:B, 2, 0) -> Dental with Vision | H8: =VLOOKUP(Transactions!V8, lookups!A:C, 3, 0) -> Dental, Vision, Hearing & Dental, Vision, Hearing Select | I8: =Transactions!K8 -> 45946 | J8: =Transactions!K8 -> 45946 | L8: Monthly | M8: Default | N8: =Transactions!W8 -> 01VK5540000 | O8: =Transactions!M8 -> 65.19 | P8: =Transactions!M8 -> 65.19 | Q8: =Transactions!I8 -> 45950 | R8: =IF(Transactions!O8<>0, Transactions!O8, Transactions!P8) -> 37.48 | S8: =Transactions!J8 -> 45977 | T8: 1 | V8: =Transactions!V8 -> DVH REFRESH, GENERIC PLAN, $5,000 PY MAX
A9: =Transactions!B9 -> 1254794 | C9: =Transactions!F9 -> HENRY, JOSHUA | D9: Active | E9: Manhattan Life | F9: =Transactions!T9 -> TX | G9: =VLOOKUP(Transactions!V9, lookups!A:B, 2, 0) -> Dental with Vision | H9: =VLOOKUP(Transactions!V9, lookups!A:C, 3, 0) -> Dental, Vision, Hearing & Dental, Vision, Hearing Select | I9: =Transactions!K9 -> 45946 | J9: =Transactions!K9 -> 45946 | L9: Monthly | M9: Default | N9: =Transactions!W9 -> 01VK5540000 | O9: =Transactions!M9 -> -65.19 | P9: =Transactions!M9 -> -65.19 | Q9: =Transactions!I9 -> 45959 | R9: =IF(Transactions!O9<>0, Transactions!O9, Transactions!P9) -> -37.48 | S9: =Transactions!J9 -> 45977 | T9: 1 | V9: =Transactions!V9 -> DVH REFRESH, GENERIC PLAN, $5,000 PY MAX
A10: =Transactions!B10 -> 1229522 | C10: =Transactions!F10 -> ROULHAC, STACY | D10: Active | E10: Manhattan Life | F10: =Transactions!T10 -> FL | G10: =VLOOKUP(Transactions!V10, lookups!A:B, 2, 0) -> Hospital Indemnity | H10: =VLOOKUP(Transactions!V10, lookups!A:C, 3, 0) -> Hospital Indemnity Select 18-64.5 | I10: =Transactions!K10 -> 45832 | J10: =Transactions!K10 -> 45832 | L10: Monthly | M10: Default | N10: =Transactions!W10 -> 01VK1880000 | O10: =Transactions!M10 -> 12.13 | P10: =Transactions!M10 -> 12.13 | Q10: =Transactions!I10 -> 45950 | R10: =IF(Transactions!O10<>0, Transactions!O10, Transactions!P10) -> 6.07 | S10: =Transactions!J10 -> 45985 | T10: 1 | V10: =Transactions!V10 -> HOSPITAL INDEMNITY SELECT
A11: =Transactions!B11 -> 1230892 | C11: =Transactions!F11 -> LOEZA, FERNANDO | D11: Active | E11: Manhattan Life | F11: =Transactions!T11 -> TX | G11: =VLOOKUP(Transactions!V11, lookups!A:B, 2, 0) -> Hospital Indemnity | H11: =VLOOKUP(Transactions!V11, lookups!A:C, 3, 0) -> Hospital Indemnity Select 18-64.5 | I11: =Transactions!K11 -> 45834 | J11: =Transactions!K11 -> 45834 | L11: Monthly | M11: Default | N11: =Transactions!W11 -> 01VK1880000 | O11: =Transactions!M11 -> 21.68 | P11: =Transactions!M11 -> 21.68 | Q11: =Transactions!I11 -> 45954 | R11: =IF(Transactions!O11<>0, Transactions!O11, Transactions!P11) -> 10.84 | S11: =Transactions!J11 -> 45987 | T11: 1 | V11: =Transactions!V11 -> HOSPITAL INDEMNITY SELECT
A12: =Transactions!B12 -> 1207538 | C12: =Transactions!F12 -> CHERNAK, SHANDA | D12: Active | E12: Manhattan Life | F12: =Transactions!T12 -> GA | G12: =VLOOKUP(Transactions!V12, lookups!A:B, 2, 0) -> Dental with Vision | H12: =VLOOKUP(Transactions!V12, lookups!A:C, 3, 0) -> Dental, Vision, Hearing & Dental, Vision, Hearing Select | I12: =Transactions!K12 -> 45726 | J12: =Transactions!K12 -> 45726 | L12: Monthly | M12: Default | N12: =Transactions!W12 -> 01VK1700000 | O12: =Transactions!M12 -> 143.99 | P12: =Transactions!M12 -> 143.99 | Q12: =Transactions!I12 -> 45952 | R12: =IF(Transactions!O12<>0, Transactions!O12, Transactions!P12) -> 82.79 | S12: =Transactions!J12 -> 45971 | T12: 1 | V12: =Transactions!V12 -> DVH SELECT $5,000 POL MAX WITH $100 DEDUCT
A13: =Transactions!B13 -> 1209860 | C13: =Transactions!F13 -> HACK, AARON | D13: Active | E13: Manhattan Life | F13: =Transactions!T13 -> NC | G13: =VLOOKUP(Transactions!V13, lookups!A:B, 2, 0) -> Dental with Vision | H13: =VLOOKUP(Transactions!V13, lookups!A:C, 3, 0) -> Dental, Vision, Hearing & Dental, Vision, Hearing Select | I13: =Transactions!K13 -> 45734 | J13: =Transactions!K13 -> 45734 | L13: Monthly | M13: Default | N13: =Transactions!W13 -> 01VK1700000 | O13: =Transactions!M13 -> 44.35 | P13: =Transactions!M13 -> 44.35 | Q13: =Transactions!I13 -> 45950 | R13: =IF(Transactions!O13<>0, Transactions!O13, Transactions!P13) -> 25.5 | S13: =Transactions!J13 -> 45979 | T13: 1 | V13: =Transactions!V13 -> DVH SELECT $5,000 POL MAX WITH $0 DEDUCT
... A75: =Transactions!B75 -> 1256642 | C75: =Transactions!F75 -> MILLER, LEE | D75: Active | E75: Manhattan Life | F75: =Transactions!T75 -> TX | G75: =VLOOKUP(Transactions!V75, lookups!A:B, 2, 0) -> Dental with Vision | H75: =VLOOKUP(Transactions!V75, lookups!A:C, 3, 0) -> Dental, Vision, Hearing & Dental, Vision, Hearing Select | I75: =Transactions!K75 -> 45955 | J75: =Transactions!K75 -> 45955 | L75: Monthly | M75: Default | N75: =Transactions!W75 -> 01VK5160000 | O75: =Transactions!M75 -> 44.85 | P75: =Transactions!M75 -> 44.85 | Q75: =Transactions!I75 -> 45959 | R75: =IF(Transactions!O75<>0, Transactions!O75, Transactions!P75) -> 25.79 | S75: =Transactions!J75 -> 45986 | T75: 1 | V75: =Transactions!V75 -> DVH SELECT $5,000 POL MAX WITH $0 DEDUCT

Sheet lookups
A1: DVH SELECT $5,000 POL MAX WITH $100 DEDUCT | B1: Dental with Vision | C1: Dental, Vision, Hearing & Dental, Vision, Hearing Select
A2: DVH SELECT $5,000 POL MAX WITH $0 DEDUCT | B2: Dental with Vision | C2: Dental, Vision, Hearing & Dental, Vision, Hearing Select
A3: PAID ENHANCED - 24 HR ACC POLICY 2 UNITS | B3: Accident | C3: PAID Personal Accident & DI Rider, and Accident Express
A4: DVH REFRESH, GENERIC PLAN, $1,500 PY MAX | B4: Dental with Vision | C4: Dental, Vision, Hearing & Dental, Vision, Hearing Select
A5: DVH REFRESH, GENERIC PLAN, $1,000 PY MAX | B5: Dental with Vision | C5: Dental, Vision, Hearing & Dental, Vision, Hearing Select
A6: DVH SELECT $3,000 POL MAX WITH $0 DEDUCT | B6: Dental with Vision | C6: Dental, Vision, Hearing & Dental, Vision, Hearing Select
A7: DVH SELECT $1,500 POL MAX WITH $0 DEDUCT | B7: Dental with Vision | C7: Dental, Vision, Hearing & Dental, Vision, Hearing Select
A8: DVH SELECT $3,000 POL MAX WITH $100 DEDUCT | B8: Dental with Vision | C8: Dental, Vision, Hearing & Dental, Vision, Hearing Select
A9: DVH SELECT $1,000 POL MAX WITH $100 DEDUCT | B9: Dental with Vision | C9: Dental, Vision, Hearing & Dental, Vision, Hearing Select
A10: AFFORDABLE CHOICE ENHANCED ELITE PLUS | B10: Fixed Indemnity | C10: Affordable Choice
A11: PAID ENHANCED - 24 HR ACC POLICY 1 UNIT | B11: Accident | C11: PAID Personal Accident & DI Rider, and Accident Express
A12: AFFORDABLE CHOICE ENHANCED CLASSIC | B12: Fixed Indemnity | C12: Affordable Choice
... A27: DVH REFRESH, GENERIC PLAN, $5,000 PY MAX | B27: Dental with Vision | C27: Dental, Vision, Hearing & Dental, Vision, Hearing Select
